source,author,title,description,publishedAT,content
globenewswire,global market insights inc,"perfusion systems market to hit usd 2 billion by 2032, says global market insights inc",perfusion systems industry is projected to witness a cagr of 46% during the period 2023-2032 this growth can be attributed to the increasing prevalence of cardiovascular and respiratory diseases perfusion systems industry is projected to witness a cagr of …,2023-10-03T00:00:00Z,"selbyville, delaware, oct 02, 2023 (globe newswire) -- perfusion systems market size is expected to be worth usd 2 billion by 2032 the ongoing advancements in perfusion system technology, inclu… [+5944 chars]"
globenewswire,"jenavalve technology, inc",jenavalve appoints shlomi nachman to board of directors,"irvine, calif, sept 14, 2023 (globe newswire) -- jenavalve technology, inc, developer and manufacturer of differentiated transcatheter aortic valve replacement (tavr) systems, today announced that it has appointed shlomi nachman, experienced cardiovascular…",2023-09-14T13:00:00Z,"irvine, calif, sept 14, 2023 (globe newswire) -- jenavalve technology, inc, developer and manufacturer of differentiated transcatheter aortic valve replacement (tavr) systems, today announced that… [+3792 chars]"
globenewswire,research nester,"paracentesis drainage systems market revenue to hit usd 4 billion by 2035, says research nester","leading paracentesis drainage systems market players include merit medical systems, inc, cardinal health, inc, avanos medical, inc, teleflex incorporated, boston scientific corporation, gi supply, inc, cardiomed supplies inc, becton, dickinson and compan…",2023-09-12T13:02:00Z,"new york, sept 12, 2023 (globe newswire) -- the global paracentesis drainage systems market size is predicted to expand at ~ 7 % cagr between 2023 and 2035 the market is projected to garner a reven… [+11558 chars]"
psychology today,bradley thomas phd,white clinicians' guide to work more effectively with black patients,what's the point of providing culturally competent care if you can't identify your own implicit biases first?,2023-09-12T14:14:24Z,are you a white mental health provider seeking culture-centered care for black patients? asking yourself why you want to be in the practice of providing black patients with greater care is always a … [+12409 chars]
globenewswire,emergen research,global anastomosis devices market size to reach usd 585 billion in 2030 | emergen research,advancements in the number of cardiovascular surgical research activities is driving market revenue growth advancements in the number of cardiovascular surgical research activities is driving market revenue growth,2023-09-13T15:30:00Z,"vancouver, sept 13, 2023 (globe newswire) -- the global anastomosis devices market size reached usd 358 billion in 2021 and is expected to register a revenue cagr of 56% during the forecast peri… [+11252 chars]"
marketbeat,NA,2 beauty stocks beaten by the ugly stick but ready to rally,beauty stocks have not been pretty this year cosmetics retailer ulta beauty inc (nasdaq:ulta) and estee lauder co (nyse:el) shares are trading down 123% and 387%,2023-09-21T04:55:04Z,"key points <ul><li>hims &amp; hers provides a telehealth wellness and beauty platform offering medical consults, sexual health products, and over-the-counter and prescription medications convenientl… [+9208 chars]"
globenewswire,transparency market research,"global biosensors market to reach us$ 4849 billion by 2031, expanding at a cagr of 72%: tmr report","increasing government investments in healthcare and pharmaceutical industries, rising prevalence of cardiovascular diseases, diabetes, etc, and growing trend of self-monitoring are key factors driving the global biosensors market during the forecast period i…",2023-09-15T11:09:00Z,"wilmington, delaware, united states, sept 15, 2023 (globe newswire) -- the global biosensors market is projected to flourish at a cagr of 72% from 2021 to 2031 as per the report published by tmr, … [+8675 chars]"
globenewswire,transparency market research,"pet-ct scanner devices market to exceed usd 3104 million by 2031, expanding at a cagr of 31% says, transparency market research","increasing prevalence of conditions such as cancer, alzheimers, and cardiovascular diseases, which is creating the demand for medical devices such as pet-ct scanner devices increasing prevalence of conditions such as cancer, alzheimers, and cardiovascular …",2023-09-20T16:30:00Z,"wilmington, delaware, united states, sept 20, 2023 (globe newswire) -- transparency market research inc - the global pet-ct scanner devices market is projected to flourish at a cagr of 31% from 20… [+7009 chars]"
globenewswire,global market insights inc,"atherectomy devices market to hit usd 14 billion by 2032, says global market insights inc",atherectomy devices industry is projected to witness a cagr of 7% during the period 2023-2032 this growth can be attributed to the increase in preference for minimally invasive procedures atherectomy devices industry is projected to witness a cagr of 7% dur…,2023-10-02T21:30:00Z,"selbyville, delaware, oct 02, 2023 (globe newswire) -- atherectomy devices market size is expected to be worth usd 14 billion by 2032 the increasing awareness about the importance of early det… [+5546 chars]"
globenewswire,consegic business intelligence private limited,stethoscope market to hit us$ 91633 million by 2030 | new research update,"consegic business intelligence analyzes that the stethoscope market is growing with a cagr of 64% during the forecast period (2023-2030), boosted by the increasing incidence of cardiovascular and respiratory diseases is accelerating the demand for stethoscop…",2023-09-18T10:00:00Z,"new york, sept 18, 2023 (globe newswire) -- the global s tethoscope m arket is expected to witness significant growth at a cagr of 64% during the forecast period of 2023-2030 factors such as… [+12019 chars]"
globenewswire,research and markets,"global ppg biosensors market 2023-2030: rising cardiovascular disorders drive demand for ppg biosensors: insights from ams-osram, fitbit and analog devices","dublin, sept 22, 2023 (globe newswire) -- the ""global ppg biosensors market by product, application, distribution, end use - cumulative impact of covid-19, russia ukraine conflict, and high inflation - forecast 2023-2030"" report has been added to researchand…",2023-09-22T10:53:00Z,"dublin, sept 22, 2023 (globe newswire) -- the ""global ppg biosensors market by product, application, distribution, end use - cumulative impact of covid-19, russia ukraine conflict, and high inflatio… [+5682 chars]"
globenewswire,spherical insights llp,global nanomedicine market size to grow usd 56415 billion by 2032 | cagr of 124%,"the global nanomedicine market size was valued at usd 17413 billion in 2022 and the worldwide nanomedicine market size is expected to reach usd 56415 billion by 2032, according to a research report published by spherical insights & consulting companies cov…",2023-09-18T10:30:00Z,"new york, united states , sept 18, 2023 (globe newswire) -- the global nanomedicine market size is to grow from usd 17413 billion in 2022 to usd 56415 billion by 2032, at a compound annual growth … [+11777 chars]"
globenewswire,datahorizzon research,remote patient monitoring market to reach usd 5059 billion by 2032 | cagr: 248% | datahorizzon research,"fort collins, colorado, sept 19, 2023 (globe newswire) -- datahorizzon research published a report titled, ""remote patient monitoring market size, trends, growth, share, statistics analysis report, by product (software & services and devices), by application…",2023-09-19T12:10:00Z,"fort collins, colorado, sept 19, 2023 (globe newswire) -- datahorizzon research published a report titled, ""remote patient monitoring market size, trends, growth, share, statistics analysis report, … [+8455 chars]"
globenewswire,brainy insights pvt ltd,"thrombectomy devices market size to surpass usd 27 billion growth by 2032, exhibit a cagr of 59% | rising prevalence of cardiovascular diseases",the thrombectomy devices market size is anticipated to grow from usd 152 billion in 2022 to usd 27 billion in 10 years the market ought to witness a positive growth rate owing to increasing demand for thrombectomy devices for treating cardiovascular diseas…,2023-10-02T17:00:00Z,"newark, oct 02, 2023 (globe newswire) -- the brainy insights estimates that the global thrombectomy devices market will grow from usd 152 billion in 2022 to usd 27 billion by 2032 the covid-19 pa… [+11354 chars]"
globenewswire,research nester,"albumin market revenue to cross usd 10 billion by 2035, says research nester","prominent albumin market players include apotex inx, octapharma ag, bio med international pvt ltd, baxter, novozymes, mitsubishi tanabe pharma america inc, merck kgaa, akron biotech, thermo fisher scientific, and grifols, sa prominent albumin market pla…",2023-10-02T10:30:00Z,"new york, oct 02, 2023 (globe newswire) -- the global albumin market size is slated to expand at ~ 6% cagr between 2023 and 2035 the market is poised to garner a revenue of usd 10 billion by the en… [+7348 chars]"
globenewswire,research and markets,"global vascular grafts market set to reach $59 billion by 2030, fueled by rising cardiovascular disease cases","dublin, oct 02, 2023 (globe newswire) -- the ""vascular grafts - global strategic business report"" report has been added to researchandmarketscom's offering",2023-10-02T13:33:00Z,"dublin, oct 02, 2023 (globe newswire) -- the ""vascular grafts - global strategic business report"" report has been added to researchandmarketscom's offering the global vascular grafts market is po… [+7391 chars]"
globenewswire,prophecy market insights,fractional flow reserve market surpasses us$ 22 billion by 2032 with impressive cagr growth – by pmi,"prophecy market insights latest research report on the fractional flow reserve market provides a comprehensive analysis of the current market scenario, growth opportunities, challenges, and emerging trends the report offers insights into the market's size an…",2023-10-09T13:30:00Z,"covina, oct 09, 2023 (globe newswire) -- the fractional flow reserve (ffr) provides readily available, straightforward and quantitative technique to cardiologists to determine the physiologic signif… [+6270 chars]"
globenewswire,avertix medical inc,avertix and bios acquisition corporation mutually agree to terminate proposed business combination,"eatontown, nj and new york, oct 04, 2023 (globe newswire) -- avertix medical, inc (“avertix” or the “company”), formerly known as angel medical systems, inc, a company focused on improving long-term management and outcomes of high-risk coronary disease…",2023-10-04T11:30:00Z,"eatontown, nj and new york, oct 04, 2023 (globe newswire) -- avertix medical, inc (avertix or the company), formerly known as angel medical systems, inc, a company focused on improving long-te… [+6025 chars]"
globenewswire,research and markets,"medical cooling systems markets: original equipment manufacturer, hospitals and clinics, diagnostic imaging centers - global forecast to 2028","dublin, sept 25, 2023 (globe newswire) -- the ""medical cooling systems market by type, application, end user (original equipment manufacturer, hospitals and clinics, diagnostic imaging centers, and others), and region 2023-2028"" report has been added to rese…",2023-09-25T10:03:00Z,"dublin, sept 25, 2023 (globe newswire) -- the ""medical cooling systems market by type, application, end user (original equipment manufacturer, hospitals and clinics, diagnostic imaging centers, and … [+6973 chars]"
globenewswire,"biocardia, inc",biocardia announces completion of enrollment in phase iii cardiamp hf trial and plans for cardiamp hf trial ii,"sunnyvale, calif, oct 11, 2023 (globe newswire) -- biocardia®, inc [nasdaq: bcda], a developer of cellular and cell-derived therapeutics for the treatment of cardiovascular and pulmonary disease, today announces completion of enrollment in its cardiamp hea…",2023-10-11T10:00:00Z,"sunnyvale, calif, oct 11, 2023 (globe newswire) -- biocardia®, inc [nasdaq: bcda], a developer of cellular and cell-derived therapeutics for the treatment of cardiovascular and pulmonary disease, … [+8750 chars]"
globenewswire,visiongain reports ltd,orphan drugs market is projected to grow at a cagr of 111% by 2033: visiongain,"visiongain has published a new report entitled orphan drugs market report 2023-2033: forecasts by therapeutic area (cancer, neurological diseases, cardiovascular diseases, hematologic disorders, infectious diseases, metabolic diseases, others), by drug type (…",2023-10-05T14:21:00Z,"visiongain has published a new report entitled orphan drugs market report 2023-2033: forecasts by therapeutic area (cancer, neurological diseases, cardiovascular diseases, hematologic disorders, infe… [+10722 chars]"
globenewswire,acumen research and consulting,"atherosclerosis drugs market size is expected to reach usd 269 billion by 2032, registering a cagr of 28% from 2023 to 2032","acumen research and consulting recently published report titled “atherosclerosis drugs market forecast, 2023 - 2032” acumen research and consulting recently published report titled “atherosclerosis drugs market forecast, 2023 - 2032”",2023-10-02T15:00:00Z,"newyork, oct 02, 2023 (globe newswire) -- the atherosclerosis drugs market is at the forefront of medical innovation, offering advanced therapeutic solutions for the growing global burden of cardiov… [+8733 chars]"
globenewswire,research nester,"robotic rehabilitation and assistive technologies market revenue to hit usd 8 billion by 2033, says research nester","major robotic rehabilitation and assistive technologies market players include rewalk robotics, alterg, inc, bionik laboratories corp, ekso bionics, vincent medical, dih technologies corporation (hocoma), cyberdyne, inc, kinova inc, rex bionics ltd, and …",2023-09-13T09:00:00Z,"new york, sept 13, 2023 (globe newswire) -- the global robotic rehabilitation and assistive technologies market size is expected to expand at ~14% cagr from 2023 to 2033 the market is anticipated t… [+11875 chars]"
globenewswire,prophecy market insights,"protein expression systems market; the biopharmaceutical industry's expanding demand for recombinant proteins, monoclonal antibodies, and therapeutic proteins is a major driver to fuel protein expression systems market growth-by pmi","prophecy market insights latest research report on the protein expression systems market provides a comprehensive analysis of the current market scenario, growth opportunities, challenges, and emerging trends the report offers insights into the market's size…",2023-09-20T17:00:00Z,"covina, sept 20, 2023 (globe newswire) -- protein expression is the method in which proteins are synthesized, modified and regulated in living organisms or also used in manufacturing of proteins ye… [+6234 chars]"
globenewswire,research and markets,global cardiac holter monitor market report 2023-2030: dominance of 1-channel cardiac holter monitors gains momentum as affordability meets accuracy,"dublin, sept 19, 2023 (globe newswire) -- the ""cardiac holter monitor market, size, global forecast 2023-2030, industry trends, share, growth, insight, impact of inflation, company analysis"" report has been added to researchandmarketscom's offeringglobal c…",2023-09-19T08:28:00Z,"dublin, sept 19, 2023 (globe newswire) -- the ""cardiac holter monitor market, size, global forecast 2023-2030, industry trends, share, growth, insight, impact of inflation, company analysis"" report … [+7956 chars]"
globenewswire,research and markets,global renal denervation market report 2023-2028: funding boosts research and market expansion with united states dominating,"dublin, sept 13, 2023 (globe newswire) -- the ""renal denervation market - global industry size, share, trends, opportunity, and forecast, 2018-2028 segmented by technology, by product, by therapeutic area, by end user, by region and competition"" report has b…",2023-09-13T08:08:00Z,"dublin, sept 13, 2023 (globe newswire) -- the ""renal denervation market - global industry size, share, trends, opportunity, and forecast, 2018-2028 segmented by technology, by product, by therapeuti… [+4934 chars]"
globenewswire,zion market research,"global cardiac arrest treatment market: forecasted growth to reach usd 83 billion by 2030, at a cagr of 45%","[228 + pages report] according to a market research study published by zion market research, the demand analysis of global cardiac arrest treatment market size & share revenue was valued at around usd 5 billion in 2022 and is estimated to grow about usd 83 b…",2023-10-02T21:29:00Z,"new york, united states, oct 02, 2023 (globe newswire) -- zion market research has published a new research report titled cardiac arrest treatment market by treatment (drugs [vasopressors, anti-arrh… [+16144 chars]"
pr newswire uk,,how artificial intelligence is bolstering impressive billion dollar growth opportunities in healthcare sector,"financialnewsmediacom news commentary palm beach, fla, sept 12, 2023 /prnewswire/ -- artificial intelligence (ai) and machine learning (ml) algorithms are being widely adopted and integrated into healthcare systems to accurately predict diseases in their e…",2023-09-12T12:45:00Z,"financialnewsmediacom news commentary palm beach, fla, sept 12, 2023 /prnewswire/ -- artificial intelligence (ai) and machine learning (ml) algorithms are being widely adopted and integrated in… [+11625 chars]"
globenewswire,brainy insights pvt ltd,biomaterials market size to surpass usd 63896 billion growth by 2032 | the growing cases of musculoskeletal and chronic skeletal medical conditions,"according to the brainy insights, the global biomaterials market size is projected to reach usd 63896 billion by 2032 from its value of usd 16254 million in 2022, at a cagr of 1467% during the forecast period growing adoption of technologically advanced r…",2023-10-11T21:00:00Z,"newark, oct 11, 2023 (globe newswire) -- as per the report published by the brainy insights, the global biomaterials market is expected to grow from usd 16254 billion in 2022 to usd 63896 billion … [+7999 chars]"
globenewswire,research nester,"medical adhesives tape market revenue to reach usd 15 billion by 2035, says research nester","prominent medical adhesives tape market players include smith & nephew plc, 3m, medline industries inc, paul hartmann ag, cardinal health, baxter international, inc, johnson & johnson services, inc, nitto denko corporation, lohmann gmbh & co kg, and merid…",2023-10-02T11:30:00Z,"new york, oct 02, 2023 (globe newswire) -- the global medical adhesives tape market size is slated to expand at ~6% cagr between 2023 and 2035 the market is poised to garner a revenue of usd 15 bil… [+6714 chars]"
globenewswire,research and markets,"global cardiac marker analyzer market research and forecasts report 2022-2023 & 2028: product analysis, companies business & marketing strategy, major deals, covid-19 impacts","dublin, sept 21, 2023 (globe newswire) -- the ""global cardiac marker analyzer market and forecast, impact of covid-19, product analysis, companies business & marketing strategy, major deals"" report has been added to researchandmarketscom's offering",2023-09-21T08:43:00Z,"dublin, sept 21, 2023 (globe newswire) -- the ""global cardiac marker analyzer market and forecast, impact of covid-19, product analysis, companies business &amp; marketing strategy, major deals"" rep… [+5503 chars]"
globenewswire,research and markets,specialty clinics emerge as key end-users in the global angina pectoris drugs market 2023-2030,"dublin, sept 20, 2023 (globe newswire) -- the ""global angina pectoris drugs market by type, drugs, route of administration, end-users - cumulative impact of covid-19, russia ukraine conflict, and high inflation - forecast 2023-2030"" report has been added to …",2023-09-20T10:23:00Z,"dublin, sept 20, 2023 (globe newswire) -- the ""global angina pectoris drugs market by type, drugs, route of administration, end-users - cumulative impact of covid-19, russia ukraine conflict, and hi… [+5888 chars]"
prnewswire,,diagnostic imaging market worth $346 billion | marketsandmarkets,"chicago, sept 18, 2023 /prnewswire/ -- the diagnostic imaging industry is poised for remarkable advancements in the near future, driven by groundbreaking technologies and evolving healthcare needs artificial intelligence and machine learning algorithms will…",2023-09-18T10:30:00Z,"chicago, sept 18, 2023 /prnewswire/ -- the diagnostic imaging industry is poised for remarkable advancements in the near future, driven by groundbreaking technologies and evolving healthcare needs … [+11295 chars]"
globenewswire,canon medical systems usa,canon medical introduces alphenix sky 12 hd interventional system with the new 12”×12” high-definition (hi-def) detector,providing the highest spatial resolution in the market to help clinicians see fine details providing the highest spatial resolution in the market to help clinicians see fine details,2023-09-12T12:00:00Z,"tustin california, sept 12, 2023 (globe newswire) -- tustin, ca, usa, 12th of september 2023 continuing its focus on providing clinicians with clarity and precision during interventional procedures… [+3826 chars]"
globenewswire,"altimmune, inc",altimmune announces completion of dosing in the phase 2 momentum trial of pemvidutide in subjects with obesity or overweight,top-line 48-week results from the trial expected q4 2023 top-line 48-week results from the trial expected q4 2023,2023-09-12T11:30:00Z,"gaithersburg, md, sept 12, 2023 (globe newswire) -- altimmune, inc (nasdaq: alt), a clinical-stage biopharmaceutical company, today announced the completion of dosing (last subject last dose) in i… [+5464 chars]"
globenewswire,research and markets,"key trends shaping the future of the global hospital market: digital health, patient-centric care, and specialized hospitals","dublin, sept 13, 2023 (globe newswire) -- the ""global hospital market report and forecast 2023-2031"" report has been added to researchandmarketscom's offering",2023-09-13T09:43:00Z,"dublin, sept 13, 2023 (globe newswire) -- the ""global hospital market report and forecast 2023-2031"" report has been added to researchandmarketscom's offering the global hospital market is poised… [+7093 chars]"
globenewswire,research and markets,"united states digital health market insights & forecast report 2023-2027: mhealth emerges as fastest-growing segment - focus on apps, chronic diseases, && ehr","dublin, oct 11, 2023 (globe newswire) -- the ""us digital health market (by technology & component): insights & forecast with potential impact of covid-19 (2023-2027)"" report has been added to researchandmarketscom's offering",2023-10-11T09:03:00Z,"dublin, oct 11, 2023 (globe newswire) -- the ""us digital health market (by technology &amp; component): insights &amp; forecast with potential impact of covid-19 (2023-2027)"" report has been added t… [+5476 chars]"
fdagov,fda,"moorish science temple, the divine and national movement of north america, inc; #13 the moorish american national republic dba moor herbs, inc - 655674 - 08/01/2023",unapproved new drugs/misbranded,2023-09-19T13:21:05Z,"delivery method: via email and united parcel service product: drugs recipient: maria s lemay-bey, owner moorish science temple, the divine and national movement of north america, inc; #13 th… [+36055 chars]"
marketscreenercom,globenewswire,microbot medical engages cro to support its upcoming us pivotal clinical trial,"(marketscreenercom) the engagement is an additional step in the company's path towards marketing clearance with the fdabraintree, mass, sept 27, 2023 -- microbot medical inc , the developer of the liberty® robotic surgical system, the first single-use end…",2023-09-27T12:31:02Z,"the engagement is an additional step in the company's path towards marketing clearance with the fda braintree, mass, sept 27, 2023 (globe newswire) -- microbot medical inc (nasdaq: mbot), the dev… [+4800 chars]"
globenewswire,research and markets,"$4 billion digital radiology market - global industry trends, share, size, growth, opportunity and forecast 2023-2028","dublin, sept 20, 2023 (globe newswire) -- the ""digital radiology market: global industry trends, share, size, growth, opportunity and forecast 2023-2028"" report has been added to researchandmarketscom's offering",2023-09-20T09:08:00Z,"dublin, sept 20, 2023 (globe newswire) -- the ""digital radiology market: global industry trends, share, size, growth, opportunity and forecast 2023-2028"" report has been added to researchandmarkets… [+4878 chars]"
globenewswire,research and markets,"autotransfusion devices revolutionize surgical procedures, enabling patients to become their own blood donors","dublin, oct 06, 2023 (globe newswire) -- the ""global autotransfusion devices market (by type, application, end user & region): insights and forecast with potential impact of covid-19 (2022-2027)"" report has been added to researchandmarketscom's offering",2023-10-06T11:18:00Z,"dublin, oct 06, 2023 (globe newswire) -- the ""global autotransfusion devices market (by type, application, end user &amp; region): insights and forecast with potential impact of covid-19 (2022-2027)… [+3552 chars]"
globenewswire,research and markets,global lymphedema treatment market: promising growth ahead with projected valuation of $174 billion by 2030,"dublin, sept 25, 2023 (globe newswire) -- the ""global lymphedema treatment market size, share, growth analysis, by end-user, by product, by condition type, by treatment type - industry forecast 2023-2030"" report has been added to researchandmarketscom's off…",2023-09-25T09:03:00Z,"dublin, sept 25, 2023 (globe newswire) -- the ""global lymphedema treatment market size, share, growth analysis, by end-user, by product, by condition type, by treatment type - industry forecast 2023… [+4195 chars]"
globenewswire,emergen research,global surgical ablation market size to reach usd 1191 billion in 2032 | emergen research,increasing prevalence of chronic diseases is a key factor driving market revenue growth increasing prevalence of chronic diseases is a key factor driving market revenue growth,2023-09-13T14:00:00Z,"vancouver, sept 13, 2023 (globe newswire) -- the global surgical ablation market size was usd 614 billion in 2022 and is expected to register a steady revenue cagr of 68% during the forecast per… [+11605 chars]"
globenewswire,research and markets,global medical mems market to reach $377 billion by 2030: minimally invasive procedures drive growth,"dublin, sept 22, 2023 (globe newswire) -- the ""global medical mems market size, share, and growth analysis by sensor type, application, end-user, and region - industry forecast 2023-2030"" report has been added to researchandmarketscom's offering",2023-09-22T08:43:00Z,"dublin, sept 22, 2023 (globe newswire) -- the ""global medical mems market size, share, and growth analysis by sensor type, application, end-user, and region - industry forecast 2023-2030"" report has… [+3491 chars]"
globenewswire,research and markets,global cell harvesting strategic market report 2023-2030: growing use of mesenchymal stem cells in regenerative medicine to drive the cell harvesting market,"dublin, oct 09, 2023 (globe newswire) -- the ""cell harvesting - global strategic business report"" report has been added to researchandmarketscom's offeringglobal cell harvesting market to reach $4833 million by 2030the global market for cell harvesting es…",2023-10-09T10:03:00Z,"dublin, oct 09, 2023 (globe newswire) -- the ""cell harvesting - global strategic business report"" report has been added to researchandmarketscom's offering global cell harvesting market to reach … [+6048 chars]"
globenewswire,factmr,"guidewires market to surpass us$ 1,755 million at a cagr of 61% by 2033: factmr analysis",rise in the aging population globally and continuous advancements in guidewire technology are expected to boost the adoption of guidewires during the forecast period rise in the aging population globally and continuous advancements in guidewire technology ar…,2023-09-14T11:00:00Z,"rockville, sept 14, 2023 (globe newswire) -- as per factmr, a provider of market research and competitive intelligence, the global guidewires market is projected to rise at a cagr of 61% and is … [+8378 chars]"
globenewswire,research and markets,global wearable pulse oximeter report 2023-2030: market witnesses technological innovation as integrated devices gain traction,"dublin, sept 20, 2023 (globe newswire) -- the ""global wearable pulse oximeter market by product, end user, distribution - cumulative impact of covid-19, russia ukraine conflict, and high inflation - forecast 2023-2030"" report has been added to researchandmar…",2023-09-20T11:18:00Z,"dublin, sept 20, 2023 (globe newswire) -- the ""global wearable pulse oximeter market by product, end user, distribution - cumulative impact of covid-19, russia ukraine conflict, and high inflation -… [+4444 chars]"
prnewswire,,active pharmaceutical ingredients (api) market expected to reach usd 2844 billion by 2027 at a 64% cagr by 2027 | brandessence market research,"london , sept 26, 2023 /prnewswire/ -- according to a comprehensive research report by brandessence market research (bmrc), ""active pharmaceutical ingredients (api) market industry analysis, trends, and forecast 2020-2027"" the active pharmaceutical ingredie…",2023-09-26T07:13:00Z,"london , sept 26, 2023 /prnewswire/ -- according to a comprehensive research report by brandessence market research (bmrc), ""active pharmaceutical ingredients (api) market industry analysis, trends,… [+11057 chars]"
prnewswire,,global medical cooling systems market analysis report 2023-2028: from injury recovery to laser procedures - how cooling systems are shaping healthcare,"dublin, sept 21, 2023 /prnewswire/ -- the ""medical cooling systems market by type, application, end user (original equipment manufacturer, hospitals and clinics, diagnostic imaging centers, and others), and region 2023-2028"" report has been added to research…",2023-09-21T14:30:00Z,"dublin, sept 21, 2023 /prnewswire/ -- the ""medical cooling systems market by type, application, end user (original equipment manufacturer, hospitals and clinics, diagnostic imaging centers, and othe… [+6898 chars]"
globenewswire,research and markets,global multiplex assays market 2023-2027: r&d applications of multiplex assays dominate - aiding drug discovery and biomarker validation,"dublin, oct 11, 2023 (globe newswire) -- the ""global multiplex assays market by product & service (consumables, instruments, software & services), type (nucleic acid, protein), technology (flow cytometry, luminescence), application (r&d, diagnosis), end user…",2023-10-11T12:08:00Z,"dublin, oct 11, 2023 (globe newswire) -- the ""global multiplex assays market by product &amp; service (consumables, instruments, software &amp; services), type (nucleic acid, protein), technology (f… [+6293 chars]"
globenewswire,research and markets,"environmental sustainability and technological advancements drive electric aircraft market to over $95 billion in 2023, with strong growth expected through 2033","dublin, sept 15, 2023 (globe newswire) -- the ""ai-enabled drug discovery and clinical trials market report 2023-2033"" report has been added to researchandmarketscom's offering",2023-09-15T08:13:00Z,"dublin, sept 15, 2023 (globe newswire) -- the ""ai-enabled drug discovery and clinical trials market report 2023-2033"" report has been added to researchandmarketscom's offering the global ai-enabl… [+5854 chars]"
prnewswire,,global and regional rare disease genetic testing market report 2023-2033: early detection demand and innovative systems usher in new era for rare disease genetic testing,"dublin, oct 3, 2023 /prnewswire/ -- the ""rare disease genetic testing market - a global and regional analysis: focus on disease type, offering, specialty type, sample type, trait type, technology, age group, end user, and country analysis - analysis and fore…",2023-10-03T09:45:00Z,"dublin, oct 3, 2023 /prnewswire/ -- the ""rare disease genetic testing market - a global and regional analysis: focus on disease type, offering, specialty type, sample type, trait type, technology, a… [+10700 chars]"
globenewswire,research and markets,navigating the us$4261 billion medical imaging equipment market: key drivers and trends unveiled,"dublin, oct 06, 2023 (globe newswire) -- the ""global medical imaging equipment market (by product, end user & region): insights and forecast with potential impact of covid-19 (2022-2026)"" report has been added to researchandmarketscom's offering",2023-10-06T11:28:00Z,"dublin, oct 06, 2023 (globe newswire) -- the ""global medical imaging equipment market (by product, end user &amp; region): insights and forecast with potential impact of covid-19 (2022-2026)"" report… [+3580 chars]"
globenewswire,cmi market research private limited,"[latest] global antibacterial drugs market size/share worth usd 679 billion by 2032 at a 56% cagr: custom market insights (analysis, outlook, leaders, report, trends, forecast, segmentation, growth, growth rate, value)","[220+ pages latest report] according to a market research study published by custom market insights, the demand analysis of global antibacterial drugs market size & share revenue was valued at approximately usd 5155 billion in 2022 and is expected to reach u…",2023-09-25T21:00:00Z,"austin, tx, usa, sept 26, 2023 (globe newswire) -- custom market insights has published a new research report titled antibacterial drugs market size, trends and insights by drug class (cephalosporin… [+23615 chars]"
globenewswire,marketsandmarkets research pvt ltd,biotechnology contract manufacturing market is expected to reach $248 billion | marketsandmarkets,"chicago, sept 22, 2023 (globe newswire) -- in the near future, the biotechnology contract manufacturing industry is poised to undergo a transformative evolution, fueled by rapid advances in genetic engineering, personalized medicine, and pharmaceutical innov…",2023-09-22T12:30:00Z,"chicago, sept 22, 2023 (globe newswire) -- in the near future, the biotechnology contract manufacturing industry is poised to undergo a transformative evolution, fueled by rapid advances in genetic … [+10955 chars]"
globenewswire,research and markets,healthcare and homeland security drive the demand: scintillators emerge as the preferred choice in radiation detection,"dublin, sept 20, 2023 (globe newswire) -- the ""scintillator market: global industry trends, share, size, growth, opportunity and forecast 2023-2028"" report has been added to researchandmarketscom's offering",2023-09-20T13:33:00Z,"dublin, sept 20, 2023 (globe newswire) -- the ""scintillator market: global industry trends, share, size, growth, opportunity and forecast 2023-2028"" report has been added to researchandmarketscom's… [+5090 chars]"
marketscreenercom,business wire,better therapeutics completes enrollment in real-world evidence program evaluating long-term effectiveness of aspyrerx in type 2 diabetes,"(marketscreenercom) 1,000 participants enrolled across two studies, and six sites studies will evaluate clinical effectiveness beyond 6 months, impact on medication use and healthcare utilization https://wwwmarketscreenercom/quote/stock/better-therapeu…",2023-09-28T20:19:02Z,"1,000 participants enrolled across two studies, and six sites studies will evaluate clinical effectiveness beyond 6 months, impact on medication use and healthcare utilization better therapeutics, … [+8756 chars]"
globenewswire,precedence research,clinical trial supplies market size will reach usd 49 bn by 2032,"according to precedence research, the clinical trial supplies market is expected to grow at an 651% cagr from 2023 to 2023, reaching usd 49 billion by 2032 according to precedence research, the clinical trial supplies market is expected to grow at an 651%…",2023-10-03T11:23:00Z,"ottawa, oct 03, 2023 (globe newswire) -- the global clinical trial supplies market was valued at usd 261 billion in 2022 the major factors driving the growth of the clinical trial supplies market … [+10101 chars]"
globenewswire,vantage market research,life sciences tools market size & share to surpass $3281 billion by 2030 | vantage market research,"washington, sept 22, 2023 (globe newswire) -- as per vantage market research, the life sciences tools market has witnessed significant growth in recent years due to technological advancements and increasing investments in research and development activities…",2023-09-22T11:35:00Z,"washington, sept 22, 2023 (globe newswire) -- as per vantage market research, the life sciences tools market has witnessed significant growth in recent years due to technological advancements and in… [+17218 chars]"
marketscreenercom,prnewswire,cvs health appoints michael f mahoney to its board of directors,"(marketscreenercom) woonsocket, ri, sept 21, 2023 /prnewswire/ -- cvs health corporation has appointed michael f mahoney, chairman and ceo of boston scientific corporation , a global medical technology leader, to serve on the board of directors of cvs …",2023-09-21T10:46:03Z,"woonsocket, ri, sept 21, 2023 /prnewswire/ -- cvs health corporation (nyse: cvs) has appointed michael f mahoney, chairman and ceo of boston scientific corporation (nyse: bsx), a global medical t… [+3665 chars]"
globenewswire,research and markets,revolutionizing point-of-care imaging: exploring the global handheld ultrasound market's growth trajectory,"dublin, oct 04, 2023 (globe newswire) -- the ""handheld ultrasound market: global industry analysis, trends, market size, and forecasts up to 2030"" report has been added to researchandmarketscom's offering",2023-10-04T09:33:00Z,"dublin, oct 04, 2023 (globe newswire) -- the ""handheld ultrasound market: global industry analysis, trends, market size, and forecasts up to 2030"" report has been added to researchandmarketscom's o… [+4053 chars]"
prnewswire,,neurocrine biosciences announces phase 3 pediatric study results of crinecerfont in children and adolescents for the treatment of congenital adrenal hyperplasia met primary and key secondary endpoints,cahtalyst™ pediatric study met primary endpoint demonstrating a statistically significant decrease from baseline in serum androstenedione in children and adolescents with congenital adrenal hyperplasia key secondary endpoint demonstrated a statistically signi…,2023-10-05T11:00:00Z,<ul><li>cahtalyst pediatric study met primary endpoint demonstrating a statistically significant decrease from baseline in serum androstenedione in children and adolescents with congenital adrenal hy… [+13811 chars]
pr newswire uk,,"holter monitor market to reach $120 billion by 2029, 3-channel type monitors expected to make the most substantial contribution to market share - arizton","chicago, oct 10, 2023 /prnewswire/ -- according to arizton's latest research report, the holter monitor market growing at a cagr of 845% during 2023-2029 the report analyses the current state of the global holter monitor market and its market dynamics from…",2023-10-10T18:50:00Z,"chicago, oct 10, 2023 /prnewswire/ -- according to arizton's latest research report, the holter monitor market growing at a cagr of 845% during 2023-2029 the report analyses the current state o… [+9221 chars]"
globenewswire,marketus,"connected drug delivery devices market set to reach usd 2,9809 million by 2032, fueled by personalized medicine trends","the rising popularity of connected drug delivery devices is driving the growth in demand for home healthcare these devices provide convenience and user-friendliness, making them a preferred choice for elderly individuals who wish to manage their medical cond…",2023-10-09T13:38:00Z,"new york, oct 09, 2023 (globe newswire) -- according to a recent report by marketus, the global connected drug delivery devices market size is expected to be worth around usd 2,9809 million by 203… [+13461 chars]"
marketscreenercom,business wire,ntt research boosts scientific teams with nine new hires,(marketscreenercom) distinguished researcher timothée leleu and several strategic hires add to ntt researchs growing team https://wwwmarketscreenercom/quote/stock/nippon-telegraph-and-tele-6492476/news/ntt-research-boosts-scientific-teams-with-nine-new-…,2023-09-26T12:16:02Z,"distinguished researcher timothée leleu and several strategic hires add to ntt researchs growing team ntt research, inc, a division of ntt (tyo:9432), today announced that it has named timothée lel… [+9813 chars]"
globenewswire,microbot medical inc,microbot medical engages cro to support its upcoming us pivotal clinical trial,the engagement is an additional step in the company's path towards marketing clearance with the fda the engagement is an additional step in the company's path towards marketing clearance with the fda,2023-09-27T12:30:00Z,"braintree, mass, sept 27, 2023 (globe newswire) -- microbot medical inc (nasdaq: mbot), the developer of the liberty® robotic surgical system, the first single-use endovascular robotic system, ann… [+4699 chars]"
marketscreenercom,business wire,ge healthcare and university hospitals enter 10-year strategic collaboration to contemporize its imaging fleet and implement enterprise digital solutions to help improve patient care and optimize processes,"(marketscreenercom) technology-powered collaboration aims to deliver ai-enabled devices and digital solutions at the enterprise level to increase clinical and operational efficiencies, drive workflow enhancements and improve patient outcomes https://www…",2023-10-05T14:03:02Z,"technology-powered collaboration aims to deliver ai-enabled devices and digital solutions at the enterprise level to increase clinical and operational efficiencies, drive workflow enhancements and im… [+6862 chars]"
globenewswire,datahorizzon research,telemedicine market size to reach usd 4535 billion by 2032 cagr: 179% report by datahorizzon research,"according to datahorizzon research, the telemedicine market size was usd 880 billion in 2022 and is anticipated to be usd 4535 billion by 2032 at a cagr of 179% according to datahorizzon research, the telemedicine market size was usd 880 billion in 2022 …",2023-10-01T23:30:00Z,"fort collins, colorado, oct 01, 2023 (globe newswire) -- datahorizzon research published a report titled, ""telemedicine market size, share, trends, growth, statistics analysis report, by type (produ… [+11731 chars]"
globenewswire,"orchestra biomed holdings, inc",orchestra biomed granted fda approval of ide to initiate backbeat pivotal study of backbeat cnt™ for the treatment of hypertension in pacemaker patients,"new hope, pa, sept 19, 2023 (globe newswire) -- orchestra biomed holdings, inc (nasdaq: obio) (“orchestra biomed” or the “company”), a biomedical company accelerating high-impact technologies to patients through risk-reward sharing partnerships, today anno…",2023-09-19T11:30:00Z,"<ul><li>hypertension is the most common comorbidity in the pacemaker population, affecting over 70% of patients or approximately 750,000 people annually worldwide</li><li>medtronic plc and orchestra … [+13496 chars]"
globenewswire,future market insights global and consulting pvt ltd,"contrast media injectors market projected to reach us$ 30 billion by 2033, rising at a 66% cagr | future market insights",the united states dominates the contrast media injectors market owing to favorable reimbursement policies and a higher percentage of the aging population in the country the united states dominates the contrast media injectors market owing to favorable reimbu…,2023-09-25T12:30:00Z,"newark, del, sept 25, 2023 (globe newswire) -- according to a recent market study by future market insights (fmi), the global contrast media injectors market is expected to thrive at a 66% cagr, re… [+7980 chars]"
marketscreenercom,newsfilecorp,advanced health intelligence ltd selected as finalist for singapore ministry of health project,(marketscreenercom) advanced health intelligence ltd is proud to announce its selection from 163 registrations from 28 countries as a finalist in the prestigious 2023 innomatch program singapore's healthcare innomatch is a platform that seeks to accelerate …,2023-09-13T11:35:01Z,highlights <ul><li>singapore's centre for healthcare innovation and temasek foundation has selected ahi as a finalist for singapore's healthcare innomatch program </li></ul><ul><li>ahi was one of 1… [+14777 chars]
globenewswire,datahorizzon research,infusion pumps market to reach usd 311 billion by 2032 cagr: 94% report by datahorizzon research,"according to datahorizzon research, the infusion pumps market size was valued at usd 128 billion in 2022 and is expected to have a market size of usd 311 billion by 2032 with a cagr of 94% according to datahorizzon research, the infusion pumps market size…",2023-09-29T00:20:00Z,"fort collins, colorado, sept 28, 2023 (globe newswire) -- datahorizzon research published a report titled, ""infusion pumps market size, growth, share, statistics report, by type (volumetric pumps, s… [+8472 chars]"
marketscreenercom,globenewswire,regeneron and intellia announce expanded research collaboration to develop crispr-based therapies for the treatment of neurological and muscular diseases,"(marketscreenercom) collaboration combines intellias leading genome editing platform, including its proprietary nme2cas9 technology, with regenerons proprietary antibody-targeted viral vector delivery technologies to jointly advance in vivo programs outsid…",2023-10-03T11:01:02Z,"collaboration combines intellias leading genome editing platform, including its proprietary nme2cas9 technology, with regenerons proprietary antibody-targeted viral vector delivery technologies to jo… [+16183 chars]"
globenewswire,meticulous market research pvt ltd,africa ivd market to be worth $149 billion by 2030—exclusive report by meticulous research®,"africa ivd market by product & solution, technology (immunoassay, point of care, molecular diagnostics, coagulation), application (infectious diseases, diabetes, oncology), diagnostic approach (lab, otc, poc), end user - forecast to 2030 africa ivd market by …",2023-09-12T14:00:00Z,"redding, california, sept 12, 2023 (globe newswire) -- according to a new market research report titled, africa in vitro diagnostics market by product &amp; solution, technology (immunoassay, poin… [+12055 chars]"
globenewswire,emergen research,global cell expansion market to reach value of usd 7993 billion by 2032 | emergen research,rise in research and development activities across the globe is driving the demand for cell expansion market rise in research and development activities across the globe is driving the demand for cell expansion market,2023-10-09T12:48:00Z,"vancouver, oct 09, 2023 (globe newswire) -- the global cell expansion market is estimated to reach value of usd 7993 billion by 2032, according to a current analysis by emergen research cell exp… [+10310 chars]"
globenewswire,coherent market insights pvt ltd,real-world data (rwd) market to reach $407 billion by 2030: coherent market insights,"real-world data (rwd) refers to information derived from sources outside the realm of conventional clinical trials, gaining growing significance in contemporary healthcare decision-making processes real-world data (rwd) refers to information derived from sou…",2023-10-06T12:18:00Z,"burlingame, oct 06, 2023 (globe newswire) -- according to coherent market insights, global real-world data (rwd) market is estimated to be valued at us$ 159 billion in 2023 and is expected to exhib… [+9821 chars]"
prnewswire,,"patient temperature monitoring market poised to reach $122 billion by 2030 with 96% cagr, fueled by technological advancements","dublin, oct 3, 2023 /prnewswire/ -- the ""patient temperature monitoring - global strategic business report"" report has been added to researchandmarketscom's offering the global market for patient temperature monitoring, estimated at us$58 billion in 2022,…",2023-10-03T22:30:00Z,"dublin, oct 3, 2023 /prnewswire/ -- the ""patient temperature monitoring - global strategic business report"" report has been added to researchandmarketscom's offering the global market for patien… [+10214 chars]"
globenewswire,research and markets,"endoscopes and cardiac surgery lead growth in the image guided surgery devices market, expected cagr of 42%","dublin, oct 02, 2023 (globe newswire) -- the ""image guided surgery devices - global strategic business report"" report has been added to researchandmarketscom's offering",2023-10-02T13:23:00Z,"dublin, oct 02, 2023 (globe newswire) -- the ""image guided surgery devices - global strategic business report"" report has been added to researchandmarketscom's offering the global market for imag… [+9111 chars]"
globenewswire,research and markets,global home rehabilitation products and services report 2023-2030: home-based cardiac and pulmonary rehabilitation - a growing trend in healthcare,"dublin, oct 03, 2023 (globe newswire) -- the ""home rehabilitation products and services - global strategic business report"" report has been added to researchandmarketscom's offering",2023-10-03T09:53:00Z,"dublin, oct 03, 2023 (globe newswire) -- the ""home rehabilitation products and services - global strategic business report"" report has been added to researchandmarketscom's offering the global ho… [+6475 chars]"
globenewswire,research and markets,expanding offshore manufacturing and regulatory changes drive global growth in medical device contract manufacturing market to 2028,"dublin, oct 04, 2023 (globe newswire) -- the ""medical device contract manufacturing market - global industry size, share, trends, opportunity, and forecast, 2018-2028f"" report has been added to researchandmarketscom's offering",2023-10-04T10:08:00Z,"dublin, oct 04, 2023 (globe newswire) -- the ""medical device contract manufacturing market - global industry size, share, trends, opportunity, and forecast, 2018-2028f"" report has been added to rese… [+5408 chars]"
globenewswire,transparency market research,"pharmaceutical contract sales outsourcing [cso] market is predicted to witness a value of us$ 147 billion by 2031: transparency market research, inc",advanced reporting and analytics capabilities of csos enable pharmaceutical companies to gain actionable insights into market performance and customer behavior advanced reporting and analytics capabilities of csos enable pharmaceutical companies to gain actio…,2023-09-20T13:09:00Z,"wilmington, delaware, united states, sept 20, 2023 (globe newswire) -- the pharmaceutical contract sales outsourcing [cso] market was estimated to have acquired us$ 69 billion in 2020 it is antic… [+10047 chars]"
prnewswire,,mems technology revolutionizes healthcare: advancements in sensor types and applications,"dublin, sept 21, 2023 /prnewswire/ -- the ""global medical mems market size, share, and growth analysis by sensor type, application, end-user, and region - industry forecast 2023-2030"" report has been added to researchandmarketscom's offering the global med…",2023-09-21T10:30:00Z,"dublin, sept 21, 2023 /prnewswire/ -- the ""global medical mems market size, share, and growth analysis by sensor type, application, end-user, and region - industry forecast 2023-2030"" report has bee… [+3862 chars]"
globenewswire,transparency market research,"global generic injectables market is anticipated to reach us$ 3077 billion by 2031, rising at a 123% cagr: tmr report","the expansion of telemedicine services has increased the need for accessible injectable medications, providing an avenue for generic injectables' growth the expansion of telemedicine services has increased the need for accessible injectable medications, provi…",2023-09-20T13:16:00Z,"wilmington, delaware, united states, sept 20, 2023 (globe newswire) -- the generic injectables market was estimated to have acquired us$ 858 billion in 2020 it is anticipated to register a 123% … [+10590 chars]"
globenewswire,research and markets,"asia pacific artificial heart market research report 2023: clinical trials, market drivers, competition and forecasts to 2028","dublin, sept 15, 2023 (globe newswire) -- the ""asia pacific artificial heart market - industry size, share, trends, opportunity, and forecast, 2018-2028f segmented by type (ventricular assist device, total artificial heart, others), by power source (interna…",2023-09-15T12:13:00Z,"dublin, sept 15, 2023 (globe newswire) -- the ""asia pacific artificial heart market - industry size, share, trends, opportunity, and forecast, 2018-2028f segmented by type (ventricular assist devic… [+7250 chars]"
globenewswire,the insight partners,procedure trays market worth $4592 billion by 2030 - exclusive report by the insight partners,global procedure trays market is growing at a cagr of 99% during 2022 to 2030 global procedure trays market is growing at a cagr of 99% during 2022 to 2030,2023-09-13T13:04:00Z,"pune, india, sept 13, 2023 (globe newswire) -- a procedure tray is defined as set of prepackaged medical devices that are designed to provide the disposable materials that are used in a surgical pro… [+11048 chars]"
globenewswire,meticulous market research pvt ltd,europe pharmaceutical contract development and manufacturing market to be worth $6812 billion by 2030- exclusive report by meticulous research®,"europe pharmaceutical contract development and manufacturing market by service {manufacturing [api, fdf (parenteral, tablet, capsule, oral liquid)], drug development, biologics manufacturing, packaging}, end user [large pharma, generic] - forecast to 2030 eur…",2023-09-18T14:00:00Z,"redding, california, sept 18, 2023 (globe newswire) -- according to a new market research report, europe pharmaceutical contract development and manufacturing market by service {manufacturing [api… [+12542 chars]"
globenewswire,emergen research,global contract research organization (cro) market size to reach usd 15229 billion in 2030 | emergen research,increasing number of drug development projects across the globe is a key factor driving contract research organization market revenue growth increasing number of drug development projects across the globe is a key factor driving contract research organization…,2023-09-18T15:00:00Z,"vancouver, sept 18, 2023 (globe newswire) -- the global contract research organization (cro) market size was usd 6121 billion in 2021 and is expected to register a revenue cagr of 108% during … [+12892 chars]"
globenewswire,marketus,"surgical sutures market projected to achieve 56% cagr, synthetic segment leading revenue generation, according to marketus","new york, sept 13, 2023 (globe newswire) -- according to a recent report by marketus, the global surgical sutures market size is expected to be worth around usd 80 billion by 2032 from usd 47 billion in 2022, growing at a cagr of 56% during the forecast …",2023-09-13T13:45:00Z,"new york, sept 13, 2023 (globe newswire) -- according to a recent report by marketus, the global surgical sutures market size is expected to be worth around usd 80 billion by 2032 from usd 47 bil… [+14899 chars]"
globenewswire,emergen research,global exosomes market size to reach usd 308 billion in 2032 | emergen research,"increasing prevalence of cancer and improved exosome separation, characterization, and component detection methods are key factors driving exosomes market revenue growth increasing prevalence of cancer and improved exosome separation, characterization, and co…",2023-09-25T11:03:00Z,"vancouver, sept 25, 2023 (globe newswire) -- the global exosomes market size reached usd 050 billion in 2021 and is expected to register a revenue cagr of 18% during the forecast period, accordin… [+14222 chars]"
globenewswire,vantage market research,label-free detection market size & share to surpass $10584 million by 2030 | vantage market research,"washington, sept 25, 2023 (globe newswire) -- as per vantage market research, the label-free detection market experiences significant growth primarily fueled by technological advancements, increasing collaboration between academic and industrial entities in …",2023-09-25T11:14:00Z,"washington, sept 25, 2023 (globe newswire) -- as per vantage market research, the label-free detection market experiences significant growth primarily fueled by technological advancements, increasin… [+20154 chars]"
marketscreenercom,alliance news,"earnings: safestyle suffers amid ""difficult"" trading conditions","(marketscreenercom) the following is a round-up of updates by london-listed companies, issued on wednesday and not separately reported by alliance news: ---------- safestyle uk plc - bradford-based retailer and manufacturer of pvcu replacement windows and do…",2023-09-27T12:12:06Z,"(alliance news) - the following is a round-up of updates by london-listed companies, issued on wednesday and not separately reported by alliance news: ---------- safestyle uk plc - bradford-based r… [+4909 chars]"
globenewswire,sns insider pvt ltd,advanced wound care market to cross usd 2281 billion by 2030 as a result of rising incidence of chronic diseases and supportive government initiatives | research by sns insider,"as per sns insiders research, the advanced wound care market is poised for continued growth due to a combination of demographic shifts, technological advancements, increased awareness, and supportive government policies as per sns insiders research, the ad…",2023-09-18T13:09:00Z,"pune, sept 18, 2023 (globe newswire) -- the sns insider report indicates that the advanced wound care market reached a valuation of usd 1135 billion in 2022 and is anticipated to achieve usd 228… [+9229 chars]"
marketscreenercom,business wire,pfizer presents new data at idweek 2023 highlighting advances in prevention and treatment of certain respiratory illnesses and other infectious diseases,(marketscreenercom) presentations showcase diversity and momentum of pfizers growing portfolio of vaccines and anti-infectives https://wwwmarketscreenercom/quote/stock/pfizer-inc-23365019/news/pfizer-presents-new-data-at-idweek-2023-highlighting-advan…,2023-10-05T20:33:01Z,presentations showcase diversity and momentum of pfizers growing portfolio of vaccines and anti-infectives pfizer inc (nyse: pfe) will present data across its infectious disease portfolio at the up… [+28620 chars]
globenewswire,brainy insights pvt ltd,[latest] point of care molecular diagnostics market size will attain usd 223 billion by 2032 growing at 108% cagr - exclusive report by the brainy insights,latest report published by the brainy insights provides analysis on point of care molecular diagnostics market size during 2023-2032 the global point of care molecular diagnostics market was valued at usd 8 billion in 2022 and is expected to reach usd 223 b…,2023-09-13T14:00:00Z,"newark, sept 13, 2023 (globe newswire) -- the brainy insights estimates that the usd 8 billion point of care molecular diagnostics market will reach usd 223 billion by 2032 point-of-care molecular… [+7903 chars]"
globenewswire,vantage market research,pharmaceutical manufacturing market size & share to surpass $8636 billion by 2030 | vantage market research,"washington, oct 10, 2023 (globe newswire) -- as per vantage market research, the pharmaceutical manufacturing market is poised for growth due to various factors, such as the increase in demand for pharmaceutical products, advancements in technology, and a ri…",2023-10-10T13:14:00Z,"washington, oct 10, 2023 (globe newswire) -- as per vantage market research, the pharmaceutical manufacturing market is poised for growth due to various factors, such as the increase in demand for p… [+18397 chars]"
prnewswire,,global cardiac holter monitor market research report 2023: a $7135 million market by 2030 - wireless and ai-integrated holter monitors transforming cardiovascular health monitoring,"dublin, sept 15, 2023 /prnewswire/ -- the ""cardiac holter monitor market, size, global forecast 2023-2030, industry trends, share, growth, insight, impact of inflation, company analysis"" report has been added to researchandmarketscom's offering global card…",2023-09-15T09:45:00Z,"dublin, sept 15, 2023 /prnewswire/ -- the ""cardiac holter monitor market, size, global forecast 2023-2030, industry trends, share, growth, insight, impact of inflation, company analysis"" report has … [+7905 chars]"
globenewswire,emergen research,global interactive kiosk market size to reach usd 5315 billion in 2032 | emergen research,strong focus of retailers to provide enhanced shopping experience for customers to increase sales and achieve quick return on investment is a major factor driving interactive kiosk market revenue growth strong focus of retailers to provide enhanced shopping e…,2023-09-22T12:00:00Z,"vancouver, sept 22, 2023 (globe newswire) -- the global interactive kiosk market size was usd 2692 billion in 2021 and is expected to register a revenue cagr of 63% during the forecast period, a… [+12193 chars]"
globenewswire,emergen research,global high-speed surgical drills & tools market size to reach usd 89889 million in 2032 | emergen research,"increasing number of surgical procedures, especially in orthopedic and neurosurgery fields is a key factor driving high-speed surgical drills & tools market revenue growth increasing number of surgical procedures, especially in orthopedic and neurosurgery fie…",2023-09-27T13:30:00Z,"vancouver, sept 27, 2023 (globe newswire) -- the global high-speed surgical drills &amp; tools market size was usd 59571 million in 2022 and is expected to register a steady revenue cagr of 42% … [+13032 chars]"
globenewswire,the insight partners,smart hospital beds market worth $149 billion by 2030 - exclusive report by the insight partners,global smart hospital beds market is growing at a cagr of 14% from 2022 to 2030 global smart hospital beds market is growing at a cagr of 14% from 2022 to 2030,2023-09-18T12:04:00Z,"pune, india, sept 18, 2023 (globe newswire) -- the electronic medical records (emr) or electronic health records (ehr) that smart beds are connected to provide a wealth of medical information, inclu… [+12242 chars]"
prnewswire,,"asia pacific artificial heart market research report 2023-2028: government initiatives, unhealthy lifestyles and cardiovascular risks propel market growth","dublin, sept 13, 2023 /prnewswire/ -- the ""asia pacific artificial heart market - industry size, share, trends, opportunity, and forecast, 2018-2028f segmented by type (ventricular assist device, total artificial heart, others), by power source (internal ba…",2023-09-13T16:30:00Z,"dublin, sept 13, 2023 /prnewswire/ -- the ""asia pacific artificial heart market - industry size, share, trends, opportunity, and forecast, 2018-2028f segmented by type (ventricular assist device, t… [+7621 chars]"
